date,ipc_base2016,ipc_base2007,infl_mom,infl_ytd,infl_yoy,source_url,fetched_at
2008-01-01,,104.70,0.010900,0.010900,0.113500,https://www.bcb.gob.bo/?q=indicadores_inflacion,2025-11-11T01:35:19Z
2008-01-31,,104.70,0.010900,0.010900,0.113500,https://www.bcb.gob.bo/?q=indicadores_inflacion,2025-11-23T01:02:08Z
2008-02-01,,107.44,0.026200,0.037400,0.133200,https://www.bcb.gob.bo/?q=indicadores_inflacion,2025-11-11T01:35:19Z
2008-02-29,,107.44,0.026200,0.037400,0.133200,https://www.bcb.gob.bo/?q=indicadores_inflacion,2025-11-23T01:02:08Z
2008-03-01,,108.49,0.009700,0.047500,0.140800,https://www.bcb.gob.bo/?q=indicadores_inflacion,2025-11-11T01:35:19Z
2008-03-31,,108.49,0.009700,0.047500,0.140800,https://www.bcb.gob.bo/?q=indicadores_inflacion,2025-11-23T01:02:08Z
2008-04-01,,109.29,0.007400,0.055200,0.152200,https://www.bcb.gob.bo/?q=indicadores_inflacion,2025-11-11T01:35:19Z
2008-04-30,,109.29,0.007400,0.055200,0.152200,https://www.bcb.gob.bo/?q=indicadores_inflacion,2025-11-23T01:02:08Z
2008-05-01,,111.33,0.018700,0.074900,0.168400,https://www.bcb.gob.bo/?q=indicadores_inflacion,2025-11-11T01:35:19Z
2008-05-31,,111.33,0.018700,0.074900,0.168400,https://www.bcb.gob.bo/?q=indicadores_inflacion,2025-11-23T01:02:08Z
2008-06-01,,112.73,0.012600,0.088500,0.173200,https://www.bcb.gob.bo/?q=indicadores_inflacion,2025-11-11T01:35:19Z
2008-06-30,,112.73,0.012600,0.088500,0.173200,https://www.bcb.gob.bo/?q=indicadores_inflacion,2025-11-23T01:02:08Z
2008-07-01,,113.25,0.004600,0.093500,0.147900,https://www.bcb.gob.bo/?q=indicadores_inflacion,2025-11-11T01:35:19Z
2008-07-31,,113.25,0.004600,0.093500,0.147900,https://www.bcb.gob.bo/?q=indicadores_inflacion,2025-11-23T01:02:08Z
2008-08-01,,113.99,0.006500,0.100600,0.137300,https://www.bcb.gob.bo/?q=indicadores_inflacion,2025-11-11T01:35:19Z
2008-08-31,,113.99,0.006500,0.100600,0.137300,https://www.bcb.gob.bo/?q=indicadores_inflacion,2025-11-23T01:02:08Z
2008-09-01,,114.99,0.008800,0.110300,0.145100,https://www.bcb.gob.bo/?q=indicadores_inflacion,2025-11-11T01:35:19Z
2008-09-30,,114.99,0.008800,0.110300,0.145100,https://www.bcb.gob.bo/?q=indicadores_inflacion,2025-11-23T01:02:08Z
2008-10-01,,115.20,0.001800,0.112300,0.133100,https://www.bcb.gob.bo/?q=indicadores_inflacion,2025-11-11T01:35:19Z
2008-10-31,,115.20,0.001800,0.112300,0.133100,https://www.bcb.gob.bo/?q=indicadores_inflacion,2025-11-23T01:02:08Z
2008-11-01,,115.35,0.001300,0.113700,0.120800,https://www.bcb.gob.bo/?q=indicadores_inflacion,2025-11-11T01:35:19Z
2008-11-30,,115.35,0.001300,0.113700,0.120800,https://www.bcb.gob.bo/?q=indicadores_inflacion,2025-11-23T01:02:08Z
2008-12-01,,115.84,0.004300,0.118500,0.118500,https://www.bcb.gob.bo/?q=indicadores_inflacion,2025-11-11T01:35:19Z
2008-12-31,,115.84,0.004300,0.118500,0.118500,https://www.bcb.gob.bo/?q=indicadores_inflacion,2025-11-23T01:02:08Z
2009-01-01,,116.26,0.003600,0.003600,0.110400,https://www.bcb.gob.bo/?q=indicadores_inflacion,2025-11-11T01:35:19Z
2009-01-31,,116.26,0.003600,0.003600,0.110400,https://www.bcb.gob.bo/?q=indicadores_inflacion,2025-11-23T01:02:08Z
2009-02-01,,116.18,-0.000700,0.002900,0.081300,https://www.bcb.gob.bo/?q=indicadores_inflacion,2025-11-11T01:35:19Z
2009-02-28,,116.18,-0.000700,0.002900,0.081300,https://www.bcb.gob.bo/?q=indicadores_inflacion,2025-11-23T01:02:08Z
2009-03-01,,115.61,-0.004900,-0.002000,0.065600,https://www.bcb.gob.bo/?q=indicadores_inflacion,2025-11-11T01:35:19Z
2009-03-31,,115.61,-0.004900,-0.002000,0.065600,https://www.bcb.gob.bo/?q=indicadores_inflacion,2025-11-23T01:02:08Z
2009-04-01,,115.11,-0.004300,-0.006400,0.053200,https://www.bcb.gob.bo/?q=indicadores_inflacion,2025-11-11T01:35:19Z
2009-04-30,,115.11,-0.004300,-0.006400,0.053200,https://www.bcb.gob.bo/?q=indicadores_inflacion,2025-11-23T01:02:08Z
2009-05-01,,114.89,-0.001800,-0.008200,0.032000,https://www.bcb.gob.bo/?q=indicadores_inflacion,2025-11-11T01:35:19Z
2009-05-31,,114.89,-0.001800,-0.008200,0.032000,https://www.bcb.gob.bo/?q=indicadores_inflacion,2025-11-23T01:02:08Z
2009-06-01,,115.12,0.002000,-0.006200,0.021200,https://www.bcb.gob.bo/?q=indicadores_inflacion,2025-11-11T01:35:19Z
2009-06-30,,115.12,0.002000,-0.006200,0.021200,https://www.bcb.gob.bo/?q=indicadores_inflacion,2025-11-23T01:02:08Z
2009-07-01,,114.89,-0.002000,-0.008200,0.014500,https://www.bcb.gob.bo/?q=indicadores_inflacion,2025-11-11T01:35:19Z
2009-07-31,,114.89,-0.002000,-0.008200,0.014500,https://www.bcb.gob.bo/?q=indicadores_inflacion,2025-11-23T01:02:08Z
2009-08-01,,115.61,0.006200,-0.002000,0.014200,https://www.bcb.gob.bo/?q=indicadores_inflacion,2025-11-11T01:35:19Z
2009-08-31,,115.61,0.006200,-0.002000,0.014200,https://www.bcb.gob.bo/?q=indicadores_inflacion,2025-11-23T01:02:08Z
2009-09-01,,115.73,0.001100,-0.000900,0.006400,https://www.bcb.gob.bo/?q=indicadores_inflacion,2025-11-11T01:35:19Z
2009-09-30,,115.73,0.001100,-0.000900,0.006400,https://www.bcb.gob.bo/?q=indicadores_inflacion,2025-11-23T01:02:08Z
2009-10-01,,116.10,0.003200,0.002200,0.007800,https://www.bcb.gob.bo/?q=indicadores_inflacion,2025-11-11T01:35:19Z
2009-10-31,,116.10,0.003200,0.002200,0.007800,https://www.bcb.gob.bo/?q=indicadores_inflacion,2025-11-23T01:02:08Z
2009-11-01,,115.88,-0.001900,0.000300,0.004600,https://www.bcb.gob.bo/?q=indicadores_inflacion,2025-11-11T01:35:19Z
2009-11-30,,115.88,-0.001900,0.000300,0.004600,https://www.bcb.gob.bo/?q=indicadores_inflacion,2025-11-23T01:02:08Z
2009-12-01,,116.15,0.002300,0.002600,0.002600,https://www.bcb.gob.bo/?q=indicadores_inflacion,2025-11-11T01:35:19Z
2009-12-31,,116.15,0.002300,0.002600,0.002600,https://www.bcb.gob.bo/?q=indicadores_inflacion,2025-11-23T01:02:08Z
2010-01-01,,116.35,0.001700,0.001700,0.000700,https://www.bcb.gob.bo/?q=indicadores_inflacion,2025-11-11T01:35:19Z
2010-01-31,,116.35,0.001700,0.001700,0.000700,https://www.bcb.gob.bo/?q=indicadores_inflacion,2025-11-23T01:02:08Z
2010-02-01,,116.54,0.001700,0.003400,0.003100,https://www.bcb.gob.bo/?q=indicadores_inflacion,2025-11-11T01:35:19Z
2010-02-28,,116.54,0.001700,0.003400,0.003100,https://www.bcb.gob.bo/?q=indicadores_inflacion,2025-11-23T01:02:08Z
2010-03-01,,116.40,-0.001200,0.002200,0.006900,https://www.bcb.gob.bo/?q=indicadores_inflacion,2025-11-11T01:35:19Z
2010-03-31,,116.40,-0.001200,0.002200,0.006900,https://www.bcb.gob.bo/?q=indicadores_inflacion,2025-11-23T01:02:08Z
2010-04-01,,116.51,0.000900,0.003100,0.012200,https://www.bcb.gob.bo/?q=indicadores_inflacion,2025-11-11T01:35:19Z
2010-04-30,,116.51,0.000900,0.003100,0.012200,https://www.bcb.gob.bo/?q=indicadores_inflacion,2025-11-23T01:02:08Z
2010-05-01,,116.49,-0.000200,0.002900,0.013800,https://www.bcb.gob.bo/?q=indicadores_inflacion,2025-11-11T01:35:19Z
2010-05-31,,116.49,-0.000200,0.002900,0.013800,https://www.bcb.gob.bo/?q=indicadores_inflacion,2025-11-23T01:02:08Z
2010-06-01,,116.65,0.001400,0.004300,0.013300,https://www.bcb.gob.bo/?q=indicadores_inflacion,2025-11-11T01:35:19Z
2010-06-30,,116.65,0.001400,0.004300,0.013300,https://www.bcb.gob.bo/?q=indicadores_inflacion,2025-11-23T01:02:08Z
2010-07-01,,117.37,0.006200,0.010500,0.021600,https://www.bcb.gob.bo/?q=indicadores_inflacion,2025-11-11T01:35:19Z
2010-07-31,,117.37,0.006200,0.010500,0.021600,https://www.bcb.gob.bo/?q=indicadores_inflacion,2025-11-23T01:02:08Z
2010-08-01,,118.61,0.010600,0.021200,0.026000,https://www.bcb.gob.bo/?q=indicadores_inflacion,2025-11-11T01:35:19Z
2010-08-31,,118.61,0.010600,0.021200,0.026000,https://www.bcb.gob.bo/?q=indicadores_inflacion,2025-11-23T01:02:08Z
2010-09-01,,119.52,0.007600,0.029000,0.032700,https://www.bcb.gob.bo/?q=indicadores_inflacion,2025-11-11T01:35:19Z
2010-09-30,,119.52,0.007600,0.029000,0.032700,https://www.bcb.gob.bo/?q=indicadores_inflacion,2025-11-23T01:02:08Z
2010-10-01,,120.98,0.012200,0.041600,0.042000,https://www.bcb.gob.bo/?q=indicadores_inflacion,2025-11-11T01:35:19Z
2010-10-31,,120.98,0.012200,0.041600,0.042000,https://www.bcb.gob.bo/?q=indicadores_inflacion,2025-11-23T01:02:08Z
2010-11-01,,122.33,0.011100,0.053200,0.055700,https://www.bcb.gob.bo/?q=indicadores_inflacion,2025-11-11T01:35:19Z
2010-11-30,,122.33,0.011100,0.053200,0.055700,https://www.bcb.gob.bo/?q=indicadores_inflacion,2025-11-23T01:02:08Z
2010-12-01,,124.49,0.017600,0.071800,0.071800,https://www.bcb.gob.bo/?q=indicadores_inflacion,2025-11-11T01:35:19Z
2010-12-31,,124.49,0.017600,0.071800,0.071800,https://www.bcb.gob.bo/?q=indicadores_inflacion,2025-11-23T01:02:08Z
2011-01-01,,126.10,0.012900,0.012900,0.083800,https://www.bcb.gob.bo/?q=indicadores_inflacion,2025-11-11T01:35:19Z
2011-01-31,,126.10,0.012900,0.012900,0.083800,https://www.bcb.gob.bo/?q=indicadores_inflacion,2025-11-23T01:02:08Z
2011-02-01,,128.19,0.016600,0.029700,0.100000,https://www.bcb.gob.bo/?q=indicadores_inflacion,2025-11-11T01:35:19Z
2011-02-28,,128.19,0.016600,0.029700,0.100000,https://www.bcb.gob.bo/?q=indicadores_inflacion,2025-11-23T01:02:08Z
2011-03-01,,129.33,0.008900,0.038900,0.111100,https://www.bcb.gob.bo/?q=indicadores_inflacion,2025-11-11T01:35:19Z
2011-03-31,,129.33,0.008900,0.038900,0.111100,https://www.bcb.gob.bo/?q=indicadores_inflacion,2025-11-23T01:02:08Z
2011-04-01,,129.36,0.000200,0.039100,0.110300,https://www.bcb.gob.bo/?q=indicadores_inflacion,2025-11-11T01:35:19Z
2011-04-30,,129.36,0.000200,0.039100,0.110300,https://www.bcb.gob.bo/?q=indicadores_inflacion,2025-11-23T01:02:08Z
2011-05-01,,129.62,0.002000,0.041200,0.112700,https://www.bcb.gob.bo/?q=indicadores_inflacion,2025-11-11T01:35:19Z
2011-05-31,,129.62,0.002000,0.041200,0.112700,https://www.bcb.gob.bo/?q=indicadores_inflacion,2025-11-23T01:02:08Z
2011-06-01,,129.80,0.001400,0.042700,0.112800,https://www.bcb.gob.bo/?q=indicadores_inflacion,2025-11-11T01:35:19Z
2011-06-30,,129.80,0.001400,0.042700,0.112800,https://www.bcb.gob.bo/?q=indicadores_inflacion,2025-11-23T01:02:08Z
2011-07-01,,130.49,0.005300,0.048200,0.111800,https://www.bcb.gob.bo/?q=indicadores_inflacion,2025-11-11T01:35:19Z
2011-07-31,,130.49,0.005300,0.048200,0.111800,https://www.bcb.gob.bo/?q=indicadores_inflacion,2025-11-23T01:02:08Z
2011-08-01,,130.99,0.003800,0.052200,0.104300,https://www.bcb.gob.bo/?q=indicadores_inflacion,2025-11-11T01:35:19Z
2011-08-31,,130.99,0.003800,0.052200,0.104300,https://www.bcb.gob.bo/?q=indicadores_inflacion,2025-11-23T01:02:08Z
2011-09-01,,131.39,0.003000,0.055400,0.099300,https://www.bcb.gob.bo/?q=indicadores_inflacion,2025-11-11T01:35:19Z
2011-09-30,,131.39,0.003000,0.055400,0.099300,https://www.bcb.gob.bo/?q=indicadores_inflacion,2025-11-23T01:02:08Z
2011-10-01,,132.01,0.004700,0.060400,0.091100,https://www.bcb.gob.bo/?q=indicadores_inflacion,2025-11-11T01:35:19Z
2011-10-31,,132.01,0.004700,0.060400,0.091100,https://www.bcb.gob.bo/?q=indicadores_inflacion,2025-11-23T01:02:08Z
2011-11-01,,132.44,0.003200,0.063800,0.082600,https://www.bcb.gob.bo/?q=indicadores_inflacion,2025-11-11T01:35:19Z
2011-11-30,,132.44,0.003200,0.063800,0.082600,https://www.bcb.gob.bo/?q=indicadores_inflacion,2025-11-23T01:02:08Z
2011-12-01,,133.08,0.004900,0.069000,0.069000,https://www.bcb.gob.bo/?q=indicadores_inflacion,2025-11-11T01:35:19Z
2011-12-31,,133.08,0.004900,0.069000,0.069000,https://www.bcb.gob.bo/?q=indicadores_inflacion,2025-11-23T01:02:08Z
2012-01-01,,133.49,0.003000,0.003000,0.058600,https://www.bcb.gob.bo/?q=indicadores_inflacion,2025-11-11T01:35:19Z
2012-01-31,,133.49,0.003000,0.003000,0.058600,https://www.bcb.gob.bo/?q=indicadores_inflacion,2025-11-23T01:02:08Z
2012-02-01,,134.15,0.004900,0.008000,0.046400,https://www.bcb.gob.bo/?q=indicadores_inflacion,2025-11-11T01:35:19Z
2012-02-29,,134.15,0.004900,0.008000,0.046400,https://www.bcb.gob.bo/?q=indicadores_inflacion,2025-11-23T01:02:08Z
2012-03-01,,134.54,0.002900,0.010900,0.040300,https://www.bcb.gob.bo/?q=indicadores_inflacion,2025-11-11T01:35:19Z
2012-03-31,,134.54,0.002900,0.010900,0.040300,https://www.bcb.gob.bo/?q=indicadores_inflacion,2025-11-23T01:02:08Z
2012-04-01,,134.54,0.001600,0.012500,0.041700,https://www.bcb.gob.bo/?q=indicadores_inflacion,2025-11-11T01:35:19Z
2012-04-30,,134.54,0.001600,0.012500,0.041700,https://www.bcb.gob.bo/?q=indicadores_inflacion,2025-11-23T01:02:08Z
2012-05-01,,135.41,0.004900,0.017500,0.044700,https://www.bcb.gob.bo/?q=indicadores_inflacion,2025-11-11T01:35:19Z
2012-05-31,,135.41,0.004900,0.017500,0.044700,https://www.bcb.gob.bo/?q=indicadores_inflacion,2025-11-23T01:02:08Z
2012-06-01,,135.70,0.002100,0.019600,0.045400,https://www.bcb.gob.bo/?q=indicadores_inflacion,2025-11-11T01:35:19Z
2012-06-30,,135.70,0.002100,0.019600,0.045400,https://www.bcb.gob.bo/?q=indicadores_inflacion,2025-11-23T01:02:08Z
2012-07-01,,136.22,0.003800,0.023500,0.043900,https://www.bcb.gob.bo/?q=indicadores_inflacion,2025-11-11T01:35:19Z
2012-07-31,,136.22,0.003800,0.023500,0.043900,https://www.bcb.gob.bo/?q=indicadores_inflacion,2025-11-23T01:02:08Z
2012-08-01,,136.70,0.003500,0.027200,0.043600,https://www.bcb.gob.bo/?q=indicadores_inflacion,2025-11-11T01:35:19Z
2012-08-31,,136.70,0.003500,0.027200,0.043600,https://www.bcb.gob.bo/?q=indicadores_inflacion,2025-11-23T01:02:08Z
2012-09-01,,137.21,0.003700,0.031000,0.044300,https://www.bcb.gob.bo/?q=indicadores_inflacion,2025-11-11T01:35:19Z
2012-09-30,,137.21,0.003700,0.031000,0.044300,https://www.bcb.gob.bo/?q=indicadores_inflacion,2025-11-23T01:02:08Z
2012-10-01,,137.73,0.003800,0.034900,0.043400,https://www.bcb.gob.bo/?q=indicadores_inflacion,2025-11-11T01:35:19Z
2012-10-31,,137.73,0.003800,0.034900,0.043400,https://www.bcb.gob.bo/?q=indicadores_inflacion,2025-11-23T01:02:08Z
2012-11-01,,138.39,0.004700,0.039800,0.044900,https://www.bcb.gob.bo/?q=indicadores_inflacion,2025-11-11T01:35:19Z
2012-11-30,,138.39,0.004700,0.039800,0.044900,https://www.bcb.gob.bo/?q=indicadores_inflacion,2025-11-23T01:02:08Z
2012-12-01,,139.13,0.005300,0.045400,0.045400,https://www.bcb.gob.bo/?q=indicadores_inflacion,2025-11-11T01:35:19Z
2012-12-31,,139.13,0.005300,0.045400,0.045400,https://www.bcb.gob.bo/?q=indicadores_inflacion,2025-11-23T01:02:08Z
2013-01-01,,140.05,0.006600,0.006600,0.049200,https://www.bcb.gob.bo/?q=indicadores_inflacion,2025-11-11T01:35:19Z
2013-01-31,,140.05,0.006600,0.006600,0.049200,https://www.bcb.gob.bo/?q=indicadores_inflacion,2025-11-23T01:02:08Z
2013-02-01,,140.96,0.006500,0.013200,0.050800,https://www.bcb.gob.bo/?q=indicadores_inflacion,2025-11-11T01:35:19Z
2013-02-28,,140.96,0.006500,0.013200,0.050800,https://www.bcb.gob.bo/?q=indicadores_inflacion,2025-11-23T01:02:08Z
2013-03-01,,141.31,0.002500,0.015700,0.050400,https://www.bcb.gob.bo/?q=indicadores_inflacion,2025-11-11T01:35:19Z
2013-03-31,,141.31,0.002500,0.015700,0.050400,https://www.bcb.gob.bo/?q=indicadores_inflacion,2025-11-23T01:02:08Z
2013-04-01,,141.41,0.000700,0.016400,0.049500,https://www.bcb.gob.bo/?q=indicadores_inflacion,2025-11-11T01:35:19Z
2013-04-30,,141.41,0.000700,0.016400,0.049500,https://www.bcb.gob.bo/?q=indicadores_inflacion,2025-11-23T01:02:08Z
2013-05-01,,141.80,0.002700,0.019200,0.047200,https://www.bcb.gob.bo/?q=indicadores_inflacion,2025-11-11T01:35:19Z
2013-05-31,,141.80,0.002700,0.019200,0.047200,https://www.bcb.gob.bo/?q=indicadores_inflacion,2025-11-23T01:02:08Z
2013-06-01,,142.23,0.003100,0.022300,0.048100,https://www.bcb.gob.bo/?q=indicadores_inflacion,2025-11-11T01:35:19Z
2013-06-30,,142.23,0.003100,0.022300,0.048100,https://www.bcb.gob.bo/?q=indicadores_inflacion,2025-11-23T01:02:08Z
2013-07-01,,143.10,0.006100,0.028600,0.050500,https://www.bcb.gob.bo/?q=indicadores_inflacion,2025-11-11T01:35:19Z
2013-07-31,,143.10,0.006100,0.028600,0.050500,https://www.bcb.gob.bo/?q=indicadores_inflacion,2025-11-23T01:02:08Z
2013-08-01,,145.02,0.013400,0.042300,0.060800,https://www.bcb.gob.bo/?q=indicadores_inflacion,2025-11-11T01:35:19Z
2013-08-31,,145.02,0.013400,0.042300,0.060800,https://www.bcb.gob.bo/?q=indicadores_inflacion,2025-11-23T01:02:08Z
2013-09-01,,146.99,0.013600,0.056500,0.071300,https://www.bcb.gob.bo/?q=indicadores_inflacion,2025-11-11T01:35:19Z
2013-09-30,,146.99,0.013600,0.056500,0.071300,https://www.bcb.gob.bo/?q=indicadores_inflacion,2025-11-23T01:02:08Z
2013-10-01,,148.07,0.007300,0.064300,0.075000,https://www.bcb.gob.bo/?q=indicadores_inflacion,2025-11-11T01:35:19Z
2013-10-31,,148.07,0.007300,0.064300,0.075000,https://www.bcb.gob.bo/?q=indicadores_inflacion,2025-11-23T01:02:08Z
2013-11-01,,148.02,-0.000300,0.063900,0.069600,https://www.bcb.gob.bo/?q=indicadores_inflacion,2025-11-11T01:35:19Z
2013-11-30,,148.02,-0.000300,0.063900,0.069600,https://www.bcb.gob.bo/?q=indicadores_inflacion,2025-11-23T01:02:08Z
2013-12-01,,148.14,0.000800,0.064800,0.064800,https://www.bcb.gob.bo/?q=indicadores_inflacion,2025-11-11T01:35:19Z
2013-12-31,,148.14,0.000800,0.064800,0.064800,https://www.bcb.gob.bo/?q=indicadores_inflacion,2025-11-23T01:02:08Z
2014-01-01,,148.53,0.002600,0.002600,0.060500,https://www.bcb.gob.bo/?q=indicadores_inflacion,2025-11-11T01:35:19Z
2014-01-31,,148.53,0.002600,0.002600,0.060500,https://www.bcb.gob.bo/?q=indicadores_inflacion,2025-11-23T01:02:08Z
2014-02-01,,149.65,0.007600,0.010200,0.061700,https://www.bcb.gob.bo/?q=indicadores_inflacion,2025-11-11T01:35:19Z
2014-02-28,,149.65,0.007600,0.010200,0.061700,https://www.bcb.gob.bo/?q=indicadores_inflacion,2025-11-23T01:02:08Z
2014-03-01,,149.97,0.002100,0.012300,0.061200,https://www.bcb.gob.bo/?q=indicadores_inflacion,2025-11-11T01:35:19Z
2014-03-31,,149.97,0.002100,0.012300,0.061200,https://www.bcb.gob.bo/?q=indicadores_inflacion,2025-11-23T01:02:08Z
2014-04-01,,150.21,0.001600,0.014000,0.062200,https://www.bcb.gob.bo/?q=indicadores_inflacion,2025-11-11T01:35:19Z
2014-04-30,,150.21,0.001600,0.014000,0.062200,https://www.bcb.gob.bo/?q=indicadores_inflacion,2025-11-23T01:02:08Z
2014-05-01,,150.84,0.004200,0.018200,0.063800,https://www.bcb.gob.bo/?q=indicadores_inflacion,2025-11-11T01:35:19Z
2014-05-31,,150.84,0.004200,0.018200,0.063800,https://www.bcb.gob.bo/?q=indicadores_inflacion,2025-11-23T01:02:08Z
2014-06-01,,152.66,0.012100,0.030500,0.073300,https://www.bcb.gob.bo/?q=indicadores_inflacion,2025-11-11T01:35:19Z
2014-06-30,,152.66,0.012100,0.030500,0.073300,https://www.bcb.gob.bo/?q=indicadores_inflacion,2025-11-23T01:02:08Z
2014-07-01,,153.78,0.007300,0.038100,0.074700,https://www.bcb.gob.bo/?q=indicadores_inflacion,2025-11-11T01:35:19Z
2014-07-31,,153.78,0.007300,0.038100,0.074700,https://www.bcb.gob.bo/?q=indicadores_inflacion,2025-11-23T01:02:08Z
2014-08-01,,153.88,0.000600,0.038800,0.061100,https://www.bcb.gob.bo/?q=indicadores_inflacion,2025-11-11T01:35:19Z
2014-08-31,,153.88,0.000600,0.038800,0.061100,https://www.bcb.gob.bo/?q=indicadores_inflacion,2025-11-23T01:02:08Z
2014-09-01,,153.31,-0.003800,0.034900,0.043000,https://www.bcb.gob.bo/?q=indicadores_inflacion,2025-11-11T01:35:19Z
2014-09-30,,153.31,-0.003800,0.034900,0.043000,https://www.bcb.gob.bo/?q=indicadores_inflacion,2025-11-23T01:02:08Z
2014-10-01,,153.45,0.001000,0.035900,0.036400,https://www.bcb.gob.bo/?q=indicadores_inflacion,2025-11-11T01:35:19Z
2014-10-31,,153.45,0.001000,0.035900,0.036400,https://www.bcb.gob.bo/?q=indicadores_inflacion,2025-11-23T01:02:08Z
2014-11-01,,154.54,0.007100,0.043200,0.044100,https://www.bcb.gob.bo/?q=indicadores_inflacion,2025-11-11T01:35:19Z
2014-11-30,,154.54,0.007100,0.043200,0.044100,https://www.bcb.gob.bo/?q=indicadores_inflacion,2025-11-23T01:02:08Z
2014-12-01,,155.84,0.008400,0.051900,0.051900,https://www.bcb.gob.bo/?q=indicadores_inflacion,2025-11-11T01:35:19Z
2014-12-31,,155.84,0.008400,0.051900,0.051900,https://www.bcb.gob.bo/?q=indicadores_inflacion,2025-11-23T01:02:08Z
2015-01-01,,157.34,0.009700,0.009700,0.059400,https://www.bcb.gob.bo/?q=indicadores_inflacion,2025-11-11T01:35:19Z
2015-01-31,,157.34,0.009700,0.009700,0.059400,https://www.bcb.gob.bo/?q=indicadores_inflacion,2025-11-23T01:02:08Z
2015-02-01,,157.87,0.003400,0.013100,0.054900,https://www.bcb.gob.bo/?q=indicadores_inflacion,2025-11-11T01:35:19Z
2015-02-28,,157.87,0.003400,0.013100,0.054900,https://www.bcb.gob.bo/?q=indicadores_inflacion,2025-11-23T01:02:08Z
2015-03-01,,157.10,-0.004900,0.008100,0.047500,https://www.bcb.gob.bo/?q=indicadores_inflacion,2025-11-11T01:35:19Z
2015-03-31,,157.10,-0.004900,0.008100,0.047500,https://www.bcb.gob.bo/?q=indicadores_inflacion,2025-11-23T01:02:08Z
2015-04-01,,156.43,-0.004300,0.003800,0.041400,https://www.bcb.gob.bo/?q=indicadores_inflacion,2025-11-11T01:35:19Z
2015-04-30,,156.43,-0.004300,0.003800,0.041400,https://www.bcb.gob.bo/?q=indicadores_inflacion,2025-11-23T01:02:08Z
2015-05-01,,157.00,0.003700,0.007500,0.040800,https://www.bcb.gob.bo/?q=indicadores_inflacion,2025-11-11T01:35:19Z
2015-05-31,,157.00,0.003700,0.007500,0.040800,https://www.bcb.gob.bo/?q=indicadores_inflacion,2025-11-23T01:02:08Z
2015-06-01,,157.54,0.003400,0.010900,0.031900,https://www.bcb.gob.bo/?q=indicadores_inflacion,2025-11-11T01:35:19Z
2015-06-30,,157.54,0.003400,0.010900,0.031900,https://www.bcb.gob.bo/?q=indicadores_inflacion,2025-11-23T01:02:08Z
2015-07-01,,158.49,0.006100,0.017100,0.030600,https://www.bcb.gob.bo/?q=indicadores_inflacion,2025-11-11T01:35:19Z
2015-07-31,,158.49,0.006100,0.017100,0.030600,https://www.bcb.gob.bo/?q=indicadores_inflacion,2025-11-23T01:02:08Z
2015-08-01,,158.81,0.002000,0.019100,0.032000,https://www.bcb.gob.bo/?q=indicadores_inflacion,2025-11-11T01:35:19Z
2015-08-31,,158.81,0.002000,0.019100,0.032000,https://www.bcb.gob.bo/?q=indicadores_inflacion,2025-11-23T01:02:08Z
2015-09-01,,159.56,0.004700,0.023900,0.040800,https://www.bcb.gob.bo/?q=indicadores_inflacion,2025-11-11T01:35:19Z
2015-09-30,,159.56,0.004700,0.023900,0.040800,https://www.bcb.gob.bo/?q=indicadores_inflacion,2025-11-23T01:02:08Z
2015-10-01,,160.09,0.003300,0.027300,0.043200,https://www.bcb.gob.bo/?q=indicadores_inflacion,2025-11-11T01:35:19Z
2015-10-31,,160.09,0.003300,0.027300,0.043200,https://www.bcb.gob.bo/?q=indicadores_inflacion,2025-11-23T01:02:08Z
2015-11-01,,160.17,0.000500,0.027800,0.036400,https://www.bcb.gob.bo/?q=indicadores_inflacion,2025-11-11T01:35:19Z
2015-11-30,,160.17,0.000500,0.027800,0.036400,https://www.bcb.gob.bo/?q=indicadores_inflacion,2025-11-23T01:02:08Z
2015-12-01,,160.44,0.001700,0.029500,0.029500,https://www.bcb.gob.bo/?q=indicadores_inflacion,2025-11-11T01:35:19Z
2015-12-31,,160.44,0.001700,0.029500,0.029500,https://www.bcb.gob.bo/?q=indicadores_inflacion,2025-11-23T01:02:08Z
2016-01-01,,161.10,0.004100,0.004100,0.023900,https://www.bcb.gob.bo/?q=indicadores_inflacion,2025-11-11T01:35:19Z
2016-01-31,,161.10,0.004100,0.004100,0.023900,https://www.bcb.gob.bo/?q=indicadores_inflacion,2025-11-23T01:02:08Z
2016-02-01,,162.04,0.005800,0.010000,0.026400,https://www.bcb.gob.bo/?q=indicadores_inflacion,2025-11-11T01:35:19Z
2016-02-29,,162.04,0.005800,0.010000,0.026400,https://www.bcb.gob.bo/?q=indicadores_inflacion,2025-11-23T01:02:08Z
2016-03-01,,162.25,0.001300,0.011300,0.032800,https://www.bcb.gob.bo/?q=indicadores_inflacion,2025-11-11T01:35:19Z
2016-03-31,,162.25,0.001300,0.011300,0.032800,https://www.bcb.gob.bo/?q=indicadores_inflacion,2025-11-23T01:02:08Z
2016-04-01,,162.88,0.003900,0.015200,0.041300,https://www.bcb.gob.bo/?q=indicadores_inflacion,2025-11-11T01:35:19Z
2016-04-30,,162.88,0.003900,0.015200,0.041300,https://www.bcb.gob.bo/?q=indicadores_inflacion,2025-11-23T01:02:08Z
2016-05-01,,164.88,0.012200,0.027700,0.050200,https://www.bcb.gob.bo/?q=indicadores_inflacion,2025-11-11T01:35:19Z
2016-05-31,,164.88,0.012200,0.027700,0.050200,https://www.bcb.gob.bo/?q=indicadores_inflacion,2025-11-23T01:02:08Z
2016-06-01,,164.09,-0.004800,0.022700,0.041600,https://www.bcb.gob.bo/?q=indicadores_inflacion,2025-11-11T01:35:19Z
2016-06-30,,164.09,-0.004800,0.022700,0.041600,https://www.bcb.gob.bo/?q=indicadores_inflacion,2025-11-23T01:02:08Z
2016-07-01,,164.14,0.000300,0.023100,0.035600,https://www.bcb.gob.bo/?q=indicadores_inflacion,2025-11-11T01:35:19Z
2016-07-31,,164.14,0.000300,0.023100,0.035600,https://www.bcb.gob.bo/?q=indicadores_inflacion,2025-11-23T01:02:08Z
2016-08-01,,164.14,0.000300,0.023100,0.035600,https://www.bcb.gob.bo/?q=indicadores_inflacion,2025-11-11T01:35:19Z
2016-08-31,,164.14,0.000300,0.023100,0.035600,https://www.bcb.gob.bo/?q=indicadores_inflacion,2025-11-23T01:02:08Z
2016-09-01,,165.09,0.004500,0.029000,0.034700,https://www.bcb.gob.bo/?q=indicadores_inflacion,2025-11-11T01:35:19Z
2016-09-30,,165.09,0.004500,0.029000,0.034700,https://www.bcb.gob.bo/?q=indicadores_inflacion,2025-11-23T01:02:08Z
2016-10-01,,165.69,0.003700,0.032700,0.035000,https://www.bcb.gob.bo/?q=indicadores_inflacion,2025-11-11T01:35:19Z
2016-10-31,,165.69,0.003700,0.032700,0.035000,https://www.bcb.gob.bo/?q=indicadores_inflacion,2025-11-23T01:02:08Z
2016-11-01,,166.38,0.004200,0.037000,0.038800,https://www.bcb.gob.bo/?q=indicadores_inflacion,2025-11-11T01:35:19Z
2016-11-30,,166.38,0.004200,0.037000,0.038800,https://www.bcb.gob.bo/?q=indicadores_inflacion,2025-11-23T01:02:08Z
2016-12-01,,166.86,0.002900,0.040000,0.040000,https://www.bcb.gob.bo/?q=indicadores_inflacion,2025-11-11T01:35:19Z
2016-12-31,,166.86,0.002900,0.040000,0.040000,https://www.bcb.gob.bo/?q=indicadores_inflacion,2025-11-23T01:02:08Z
2017-01-01,,167.02,0.001000,0.001000,0.036800,https://www.bcb.gob.bo/?q=indicadores_inflacion,2025-11-11T01:35:19Z
2017-01-31,,167.02,0.001000,0.001000,0.036800,https://www.bcb.gob.bo/?q=indicadores_inflacion,2025-11-23T01:02:08Z
2017-02-01,,167.65,0.003800,0.004700,0.034600,https://www.bcb.gob.bo/?q=indicadores_inflacion,2025-11-11T01:35:19Z
2017-02-28,,167.65,0.003800,0.004700,0.034600,https://www.bcb.gob.bo/?q=indicadores_inflacion,2025-11-23T01:02:08Z
2017-03-01,,167.67,0.000100,0.004800,0.033400,https://www.bcb.gob.bo/?q=indicadores_inflacion,2025-11-11T01:35:19Z
2017-03-31,,167.67,0.000100,0.004800,0.033400,https://www.bcb.gob.bo/?q=indicadores_inflacion,2025-11-23T01:02:08Z
2017-04-01,,166.97,-0.004100,0.000700,0.025100,https://www.bcb.gob.bo/?q=indicadores_inflacion,2025-11-11T01:35:19Z
2017-04-30,,166.97,-0.004100,0.000700,0.025100,https://www.bcb.gob.bo/?q=indicadores_inflacion,2025-11-23T01:02:08Z
2017-05-01,,166.94,-0.000200,0.000500,0.012500,https://www.bcb.gob.bo/?q=indicadores_inflacion,2025-11-11T01:35:19Z
2017-05-31,,166.94,-0.000200,0.000500,0.012500,https://www.bcb.gob.bo/?q=indicadores_inflacion,2025-11-23T01:02:08Z
2017-06-01,,167.10,0.000900,0.001400,0.018400,https://www.bcb.gob.bo/?q=indicadores_inflacion,2025-11-11T01:35:19Z
2017-06-30,,167.10,0.000900,0.001400,0.018400,https://www.bcb.gob.bo/?q=indicadores_inflacion,2025-11-23T01:02:08Z
2017-07-01,,168.36,0.007500,0.009000,0.025700,https://www.bcb.gob.bo/?q=indicadores_inflacion,2025-11-11T01:35:19Z
2017-07-31,,168.36,0.007500,0.009000,0.025700,https://www.bcb.gob.bo/?q=indicadores_inflacion,2025-11-23T01:02:08Z
2017-08-01,,169.69,0.007900,0.016900,0.032500,https://www.bcb.gob.bo/?q=indicadores_inflacion,2025-11-11T01:35:19Z
2017-08-31,,169.69,0.007900,0.016900,0.032500,https://www.bcb.gob.bo/?q=indicadores_inflacion,2025-11-23T01:02:08Z
2017-09-01,,171.05,0.008000,0.025100,0.036100,https://www.bcb.gob.bo/?q=indicadores_inflacion,2025-11-11T01:35:19Z
2017-09-30,,171.05,0.008000,0.025100,0.036100,https://www.bcb.gob.bo/?q=indicadores_inflacion,2025-11-23T01:02:08Z
2017-10-01,,170.68,-0.002100,0.022900,0.030100,https://www.bcb.gob.bo/?q=indicadores_inflacion,2025-11-11T01:35:19Z
2017-10-31,,170.68,-0.002100,0.022900,0.030100,https://www.bcb.gob.bo/?q=indicadores_inflacion,2025-11-23T01:02:08Z
2017-11-01,,170.82,0.000800,0.023700,0.026700,https://www.bcb.gob.bo/?q=indicadores_inflacion,2025-11-11T01:35:19Z
2017-11-30,,170.82,0.000800,0.023700,0.026700,https://www.bcb.gob.bo/?q=indicadores_inflacion,2025-11-23T01:02:08Z
2017-12-01,100.86,171.39,0.003400,0.027100,0.027100,https://www.bcb.gob.bo/?q=indicadores_inflacion,2025-11-11T01:35:19Z
2017-12-31,100.86,171.39,0.003400,0.027100,0.027100,https://www.bcb.gob.bo/?q=indicadores_inflacion,2025-11-23T01:02:08Z
2018-01-01,101.17,,0.003000,0.003000,0.029300,https://www.bcb.gob.bo/?q=indicadores_inflacion,2025-11-11T01:35:19Z
2018-01-31,101.17,,0.003000,0.003000,0.029300,https://www.bcb.gob.bo/?q=indicadores_inflacion,2025-11-23T01:02:08Z
2018-02-01,101.49,,0.003200,0.006200,0.028700,https://www.bcb.gob.bo/?q=indicadores_inflacion,2025-11-11T01:35:19Z
2018-02-28,101.49,,0.003200,0.006200,0.028700,https://www.bcb.gob.bo/?q=indicadores_inflacion,2025-11-23T01:02:08Z
2018-03-01,101.36,,-0.001300,0.005000,0.027300,https://www.bcb.gob.bo/?q=indicadores_inflacion,2025-11-11T01:35:19Z
2018-03-31,101.36,,-0.001300,0.005000,0.027300,https://www.bcb.gob.bo/?q=indicadores_inflacion,2025-11-23T01:02:08Z
2018-04-01,101.22,,-0.001400,0.003500,0.030100,https://www.bcb.gob.bo/?q=indicadores_inflacion,2025-11-11T01:35:19Z
2018-04-30,101.22,,-0.001400,0.003500,0.030100,https://www.bcb.gob.bo/?q=indicadores_inflacion,2025-11-23T01:02:08Z
2018-05-01,101.34,,0.001200,0.004700,0.031500,https://www.bcb.gob.bo/?q=indicadores_inflacion,2025-11-11T01:35:19Z
2018-05-31,101.34,,0.001200,0.004700,0.031500,https://www.bcb.gob.bo/?q=indicadores_inflacion,2025-11-23T01:02:08Z
2018-06-01,101.45,,0.001200,0.005900,0.031700,https://www.bcb.gob.bo/?q=indicadores_inflacion,2025-11-11T01:35:19Z
2018-06-30,101.45,,0.001200,0.005900,0.031700,https://www.bcb.gob.bo/?q=indicadores_inflacion,2025-11-23T01:02:08Z
2018-07-01,101.50,,0.000400,0.006300,0.024400,https://www.bcb.gob.bo/?q=indicadores_inflacion,2025-11-11T01:35:19Z
2018-07-31,101.50,,0.000400,0.006300,0.024400,https://www.bcb.gob.bo/?q=indicadores_inflacion,2025-11-23T01:02:08Z
2018-08-01,101.67,,0.001700,0.008000,0.018200,https://www.bcb.gob.bo/?q=indicadores_inflacion,2025-11-11T01:35:19Z
2018-08-31,101.67,,0.001700,0.008000,0.018200,https://www.bcb.gob.bo/?q=indicadores_inflacion,2025-11-23T01:02:08Z
2018-09-01,101.58,,-0.000900,0.007200,0.009200,https://www.bcb.gob.bo/?q=indicadores_inflacion,2025-11-11T01:35:19Z
2018-09-30,101.58,,-0.000900,0.007200,0.009200,https://www.bcb.gob.bo/?q=indicadores_inflacion,2025-11-23T01:02:08Z
2018-10-01,101.76,,0.001800,0.009000,0.013100,https://www.bcb.gob.bo/?q=indicadores_inflacion,2025-11-11T01:35:19Z
2018-10-31,101.76,,0.001800,0.009000,0.013100,https://www.bcb.gob.bo/?q=indicadores_inflacion,2025-11-23T01:02:08Z
2018-11-01,102.03,,0.002600,0.011600,0.015000,https://www.bcb.gob.bo/?q=indicadores_inflacion,2025-11-11T01:35:19Z
2018-11-30,102.03,,0.002600,0.011600,0.015000,https://www.bcb.gob.bo/?q=indicadores_inflacion,2025-11-23T01:02:08Z
2018-12-01,102.38,,0.003500,0.015100,0.015100,https://www.bcb.gob.bo/?q=indicadores_inflacion,2025-11-11T01:35:19Z
2018-12-31,102.38,,0.003500,0.015100,0.015100,https://www.bcb.gob.bo/?q=indicadores_inflacion,2025-11-23T01:02:08Z
2019-01-01,102.61,,0.002300,0.002300,0.014300,https://www.bcb.gob.bo/?q=indicadores_inflacion,2025-11-11T01:35:19Z
2019-01-31,102.61,,0.002300,0.002300,0.014300,https://www.bcb.gob.bo/?q=indicadores_inflacion,2025-11-23T01:02:08Z
2019-02-01,102.46,,-0.001500,0.000700,0.009500,https://www.bcb.gob.bo/?q=indicadores_inflacion,2025-11-11T01:35:19Z
2019-02-28,102.46,,-0.001500,0.000700,0.009500,https://www.bcb.gob.bo/?q=indicadores_inflacion,2025-11-23T01:02:08Z
2019-03-01,102.44,,-0.000200,0.000600,0.010600,https://www.bcb.gob.bo/?q=indicadores_inflacion,2025-11-11T01:35:19Z
2019-03-31,102.44,,-0.000200,0.000600,0.010600,https://www.bcb.gob.bo/?q=indicadores_inflacion,2025-11-23T01:02:08Z
2019-04-01,102.58,,0.001400,0.002000,0.013500,https://www.bcb.gob.bo/?q=indicadores_inflacion,2025-11-11T01:35:19Z
2019-04-30,102.58,,0.001400,0.002000,0.013500,https://www.bcb.gob.bo/?q=indicadores_inflacion,2025-11-23T01:02:08Z
2019-05-01,103.05,,0.004600,0.006500,0.016900,https://www.bcb.gob.bo/?q=indicadores_inflacion,2025-11-11T01:35:19Z
2019-05-31,103.05,,0.004600,0.006500,0.016900,https://www.bcb.gob.bo/?q=indicadores_inflacion,2025-11-23T01:02:08Z
2019-06-01,103.21,,0.001600,0.008100,0.017300,https://www.bcb.gob.bo/?q=indicadores_inflacion,2025-11-11T01:35:19Z
2019-06-30,103.21,,0.001600,0.008100,0.017300,https://www.bcb.gob.bo/?q=indicadores_inflacion,2025-11-23T01:02:08Z
2019-07-01,103.44,,0.002300,0.010400,0.019200,https://www.bcb.gob.bo/?q=indicadores_inflacion,2025-11-11T01:35:19Z
2019-07-31,103.44,,0.002300,0.010400,0.019200,https://www.bcb.gob.bo/?q=indicadores_inflacion,2025-11-23T01:02:08Z
2019-08-01,103.96,,0.005000,0.015500,0.022500,https://www.bcb.gob.bo/?q=indicadores_inflacion,2025-11-11T01:35:19Z
2019-08-31,103.96,,0.005000,0.015500,0.022500,https://www.bcb.gob.bo/?q=indicadores_inflacion,2025-11-23T01:02:08Z
2019-09-01,103.88,,-0.000800,0.014600,0.022600,https://www.bcb.gob.bo/?q=indicadores_inflacion,2025-11-11T01:35:19Z
2019-09-30,103.88,,-0.000800,0.014600,0.022600,https://www.bcb.gob.bo/?q=indicadores_inflacion,2025-11-23T01:02:08Z
2019-10-01,104.35,,0.004500,0.019200,0.025400,https://www.bcb.gob.bo/?q=indicadores_inflacion,2025-11-11T01:35:19Z
2019-10-31,104.35,,0.004500,0.019200,0.025400,https://www.bcb.gob.bo/?q=indicadores_inflacion,2025-11-23T01:02:08Z
2019-11-01,105.51,,0.011100,0.030600,0.034100,https://www.bcb.gob.bo/?q=indicadores_inflacion,2025-11-11T01:35:19Z
2019-11-30,105.51,,0.011100,0.030600,0.034100,https://www.bcb.gob.bo/?q=indicadores_inflacion,2025-11-23T01:02:08Z
2019-12-01,103.88,,-0.015400,0.014700,0.014700,https://www.bcb.gob.bo/?q=indicadores_inflacion,2025-11-11T01:35:19Z
2019-12-31,103.88,,-0.015400,0.014700,0.014700,https://www.bcb.gob.bo/?q=indicadores_inflacion,2025-11-23T01:02:08Z
2020-01-01,103.85,,-0.000300,-0.000300,0.012100,https://www.bcb.gob.bo/?q=indicadores_inflacion,2025-11-11T01:35:19Z
2020-01-31,103.85,,-0.000300,-0.000300,0.012100,https://www.bcb.gob.bo/?q=indicadores_inflacion,2025-11-23T01:02:08Z
2020-02-01,103.79,,-0.000600,-0.000900,0.013000,https://www.bcb.gob.bo/?q=indicadores_inflacion,2025-11-11T01:35:19Z
2020-02-29,103.79,,-0.000600,-0.000900,0.013000,https://www.bcb.gob.bo/?q=indicadores_inflacion,2025-11-23T01:02:08Z
2020-03-01,103.91,,0.001200,0.000200,0.014400,https://www.bcb.gob.bo/?q=indicadores_inflacion,2025-11-11T01:35:19Z
2020-03-31,103.91,,0.001200,0.000200,0.014400,https://www.bcb.gob.bo/?q=indicadores_inflacion,2025-11-23T01:02:08Z
2020-04-01,104.34,,0.004200,0.004400,0.017200,https://www.bcb.gob.bo/?q=indicadores_inflacion,2025-11-11T01:35:19Z
2020-04-30,104.34,,0.004200,0.004400,0.017200,https://www.bcb.gob.bo/?q=indicadores_inflacion,2025-11-23T01:02:08Z
2020-05-01,104.32,,-0.000200,0.004200,0.012300,https://www.bcb.gob.bo/?q=indicadores_inflacion,2025-11-11T01:35:19Z
2020-05-31,104.32,,-0.000200,0.004200,0.012300,https://www.bcb.gob.bo/?q=indicadores_inflacion,2025-11-23T01:02:08Z
2020-06-01,104.69,,0.003600,0.007800,0.014400,https://www.bcb.gob.bo/?q=indicadores_inflacion,2025-11-11T01:35:19Z
2020-06-30,104.69,,0.003600,0.007800,0.014400,https://www.bcb.gob.bo/?q=indicadores_inflacion,2025-11-23T01:02:08Z
2020-07-01,104.84,,0.001400,0.009200,0.013500,https://www.bcb.gob.bo/?q=indicadores_inflacion,2025-11-11T01:35:19Z
2020-07-31,104.84,,0.001400,0.009200,0.013500,https://www.bcb.gob.bo/?q=indicadores_inflacion,2025-11-23T01:02:08Z
2020-08-01,105.41,,0.005400,0.014700,0.013900,https://www.bcb.gob.bo/?q=indicadores_inflacion,2025-11-11T01:35:19Z
2020-08-31,105.41,,0.005400,0.014700,0.013900,https://www.bcb.gob.bo/?q=indicadores_inflacion,2025-11-23T01:02:08Z
2020-09-01,104.35,,-0.010000,0.004500,0.004600,https://www.bcb.gob.bo/?q=indicadores_inflacion,2025-11-11T01:35:19Z
2020-09-30,104.35,,-0.010000,0.004500,0.004600,https://www.bcb.gob.bo/?q=indicadores_inflacion,2025-11-23T01:02:08Z
2020-10-01,104.63,,0.002700,0.007200,0.002800,https://www.bcb.gob.bo/?q=indicadores_inflacion,2025-11-11T01:35:19Z
2020-10-31,104.63,,0.002700,0.007200,0.002800,https://www.bcb.gob.bo/?q=indicadores_inflacion,2025-11-23T01:02:08Z
2020-11-01,104.35,,-0.002700,0.004500,-0.011000,https://www.bcb.gob.bo/?q=indicadores_inflacion,2025-11-11T01:35:19Z
2020-11-30,104.35,,-0.002700,0.004500,-0.011000,https://www.bcb.gob.bo/?q=indicadores_inflacion,2025-11-23T01:02:08Z
2020-12-01,104.58,,0.002200,0.006700,0.006700,https://www.bcb.gob.bo/?q=indicadores_inflacion,2025-11-11T01:35:19Z
2020-12-31,104.58,,0.002200,0.006700,0.006700,https://www.bcb.gob.bo/?q=indicadores_inflacion,2025-11-23T01:02:08Z
2021-01-01,105.07,,0.004700,0.004700,0.011700,https://www.bcb.gob.bo/?q=indicadores_inflacion,2025-11-11T01:35:19Z
2021-01-31,105.07,,0.004700,0.004700,0.011700,https://www.bcb.gob.bo/?q=indicadores_inflacion,2025-11-23T01:02:08Z
2021-02-01,105.24,,0.001600,0.006300,0.014000,https://www.bcb.gob.bo/?q=indicadores_inflacion,2025-11-11T01:35:19Z
2021-02-28,105.24,,0.001600,0.006300,0.014000,https://www.bcb.gob.bo/?q=indicadores_inflacion,2025-11-23T01:02:08Z
2021-03-01,105.12,,-0.001200,0.005100,0.011600,https://www.bcb.gob.bo/?q=indicadores_inflacion,2025-11-11T01:35:19Z
2021-03-31,105.12,,-0.001200,0.005100,0.011600,https://www.bcb.gob.bo/?q=indicadores_inflacion,2025-11-23T01:02:08Z
2021-04-01,105.05,,-0.000600,0.004500,0.006800,https://www.bcb.gob.bo/?q=indicadores_inflacion,2025-11-11T01:35:19Z
2021-04-30,105.05,,-0.000600,0.004500,0.006800,https://www.bcb.gob.bo/?q=indicadores_inflacion,2025-11-23T01:02:08Z
2021-05-01,104.88,,-0.001600,0.002800,0.005400,https://www.bcb.gob.bo/?q=indicadores_inflacion,2025-11-11T01:35:19Z
2021-05-31,104.88,,-0.001600,0.002800,0.005400,https://www.bcb.gob.bo/?q=indicadores_inflacion,2025-11-23T01:02:08Z
2021-06-01,104.89,,0.000100,0.002900,0.001900,https://www.bcb.gob.bo/?q=indicadores_inflacion,2025-11-11T01:35:19Z
2021-06-30,104.89,,0.000100,0.002900,0.001900,https://www.bcb.gob.bo/?q=indicadores_inflacion,2025-11-23T01:02:08Z
2021-07-01,105.05,,0.001500,0.004400,0.002000,https://www.bcb.gob.bo/?q=indicadores_inflacion,2025-11-11T01:35:19Z
2021-07-31,105.05,,0.001500,0.004400,0.002000,https://www.bcb.gob.bo/?q=indicadores_inflacion,2025-11-23T01:02:08Z
2021-08-01,105.59,,0.005200,0.009700,0.001800,https://www.bcb.gob.bo/?q=indicadores_inflacion,2025-11-11T01:35:19Z
2021-08-31,105.59,,0.005200,0.009700,0.001800,https://www.bcb.gob.bo/?q=indicadores_inflacion,2025-11-23T01:02:08Z
2021-09-01,105.39,,-0.002000,0.007700,0.009900,https://www.bcb.gob.bo/?q=indicadores_inflacion,2025-11-11T01:35:19Z
2021-09-30,105.39,,-0.002000,0.007700,0.009900,https://www.bcb.gob.bo/?q=indicadores_inflacion,2025-11-23T01:02:08Z
2021-10-01,105.15,,-0.002300,0.005400,0.004900,https://www.bcb.gob.bo/?q=indicadores_inflacion,2025-11-11T01:35:19Z
2021-10-31,105.15,,-0.002300,0.005400,0.004900,https://www.bcb.gob.bo/?q=indicadores_inflacion,2025-11-23T01:02:08Z
2021-11-01,105.35,,0.001900,0.007400,0.009600,https://www.bcb.gob.bo/?q=indicadores_inflacion,2025-11-11T01:35:19Z
2021-11-30,105.35,,0.001900,0.007400,0.009600,https://www.bcb.gob.bo/?q=indicadores_inflacion,2025-11-23T01:02:08Z
2021-12-01,105.52,,0.001600,0.009000,0.009000,https://www.bcb.gob.bo/?q=indicadores_inflacion,2025-11-11T01:35:19Z
2021-12-31,105.52,,0.001600,0.009000,0.009000,https://www.bcb.gob.bo/?q=indicadores_inflacion,2025-11-23T01:02:08Z
2022-01-01,105.85,,0.003100,0.003100,0.007400,https://www.bcb.gob.bo/?q=indicadores_inflacion,2025-11-11T01:35:19Z
2022-01-31,105.85,,0.003100,0.003100,0.007400,https://www.bcb.gob.bo/?q=indicadores_inflacion,2025-11-23T01:02:08Z
2022-02-01,105.98,,0.001200,0.004300,0.007000,https://www.bcb.gob.bo/?q=indicadores_inflacion,2025-11-11T01:35:19Z
2022-02-28,105.98,,0.001200,0.004300,0.007000,https://www.bcb.gob.bo/?q=indicadores_inflacion,2025-11-23T01:02:08Z
2022-03-01,105.93,,-0.000500,0.003900,0.007700,https://www.bcb.gob.bo/?q=indicadores_inflacion,2025-11-11T01:35:19Z
2022-03-31,105.93,,-0.000500,0.003900,0.007700,https://www.bcb.gob.bo/?q=indicadores_inflacion,2025-11-23T01:02:08Z
2022-04-01,105.96,,0.000300,0.004100,0.008700,https://www.bcb.gob.bo/?q=indicadores_inflacion,2025-11-11T01:35:19Z
2022-04-30,105.96,,0.000300,0.004100,0.008700,https://www.bcb.gob.bo/?q=indicadores_inflacion,2025-11-23T01:02:08Z
2022-05-01,106.36,,0.003800,0.007900,0.014100,https://www.bcb.gob.bo/?q=indicadores_inflacion,2025-11-11T01:35:19Z
2022-05-31,106.36,,0.003800,0.007900,0.014100,https://www.bcb.gob.bo/?q=indicadores_inflacion,2025-11-23T01:02:08Z
2022-06-01,106.77,,0.003900,0.011800,0.017900,https://www.bcb.gob.bo/?q=indicadores_inflacion,2025-11-11T01:35:19Z
2022-06-30,106.77,,0.003900,0.011800,0.017900,https://www.bcb.gob.bo/?q=indicadores_inflacion,2025-11-23T01:02:08Z
2022-07-01,107.19,,0.003900,0.015800,0.020400,https://www.bcb.gob.bo/?q=indicadores_inflacion,2025-11-11T01:35:19Z
2022-07-31,107.19,,0.003900,0.015800,0.020400,https://www.bcb.gob.bo/?q=indicadores_inflacion,2025-11-23T01:02:08Z
2022-08-01,107.23,,0.000400,0.016200,0.015500,https://www.bcb.gob.bo/?q=indicadores_inflacion,2025-11-11T01:35:19Z
2022-08-31,107.23,,0.000400,0.016200,0.015500,https://www.bcb.gob.bo/?q=indicadores_inflacion,2025-11-23T01:02:08Z
2022-09-01,107.38,,0.001400,0.017600,0.018900,https://www.bcb.gob.bo/?q=indicadores_inflacion,2025-11-11T01:35:19Z
2022-09-30,107.38,,0.001400,0.017600,0.018900,https://www.bcb.gob.bo/?q=indicadores_inflacion,2025-11-23T01:02:08Z
2022-10-01,108.18,,0.007500,0.025200,0.028900,https://www.bcb.gob.bo/?q=indicadores_inflacion,2025-11-11T01:35:19Z
2022-10-31,108.18,,0.007500,0.025200,0.028900,https://www.bcb.gob.bo/?q=indicadores_inflacion,2025-11-23T01:02:08Z
2022-11-01,108.69,,0.004700,0.030000,0.031700,https://www.bcb.gob.bo/?q=indicadores_inflacion,2025-11-11T01:35:19Z
2022-11-30,108.69,,0.004700,0.030000,0.031700,https://www.bcb.gob.bo/?q=indicadores_inflacion,2025-11-23T01:02:08Z
2022-12-01,108.82,,0.001200,0.031200,0.031200,https://www.bcb.gob.bo/?q=indicadores_inflacion,2025-11-11T01:35:19Z
2022-12-31,108.82,,0.001200,0.031200,0.031200,https://www.bcb.gob.bo/?q=indicadores_inflacion,2025-11-23T01:02:08Z
2023-01-01,109.18,,0.003300,0.003300,0.031400,https://www.bcb.gob.bo/?q=indicadores_inflacion,2025-11-11T01:35:19Z
2023-01-31,109.18,,0.003300,0.003300,0.031400,https://www.bcb.gob.bo/?q=indicadores_inflacion,2025-11-23T01:02:08Z
2023-02-01,108.70,,-0.004400,-0.001100,0.025700,https://www.bcb.gob.bo/?q=indicadores_inflacion,2025-11-11T01:35:19Z
2023-02-28,108.70,,-0.004400,-0.001100,0.025700,https://www.bcb.gob.bo/?q=indicadores_inflacion,2025-11-23T01:02:08Z
2023-03-01,108.61,,-0.000800,-0.001900,0.025300,https://www.bcb.gob.bo/?q=indicadores_inflacion,2025-11-11T01:35:19Z
2023-03-31,108.61,,-0.000800,-0.001900,0.025300,https://www.bcb.gob.bo/?q=indicadores_inflacion,2025-11-23T01:02:08Z
2023-04-01,108.81,,0.001800,-0.000030,0.027000,https://www.bcb.gob.bo/?q=indicadores_inflacion,2025-11-11T01:35:19Z
2023-04-30,108.81,,0.001800,-0.000030,0.027000,https://www.bcb.gob.bo/?q=indicadores_inflacion,2025-11-23T01:02:08Z
2023-05-01,109.44,,0.005700,0.005700,0.029000,https://www.bcb.gob.bo/?q=indicadores_inflacion,2025-11-11T01:35:19Z
2023-05-31,109.44,,0.005700,0.005700,0.029000,https://www.bcb.gob.bo/?q=indicadores_inflacion,2025-11-23T01:02:08Z
2023-06-01,109.68,,0.002200,0.007900,0.027300,https://www.bcb.gob.bo/?q=indicadores_inflacion,2025-11-11T01:35:19Z
2023-06-30,109.68,,0.002200,0.007900,0.027300,https://www.bcb.gob.bo/?q=indicadores_inflacion,2025-11-23T01:02:08Z
2023-07-01,110.08,,0.003700,0.011600,0.027000,https://www.bcb.gob.bo/?q=indicadores_inflacion,2025-11-11T01:35:19Z
2023-07-31,110.08,,0.003700,0.011600,0.027000,https://www.bcb.gob.bo/?q=indicadores_inflacion,2025-11-23T01:02:08Z
2023-08-01,110.51,,0.003900,0.015500,0.030600,https://www.bcb.gob.bo/?q=indicadores_inflacion,2025-11-11T01:35:19Z
2023-08-31,110.51,,0.003900,0.015500,0.030600,https://www.bcb.gob.bo/?q=indicadores_inflacion,2025-11-23T01:02:08Z
2023-09-01,110.44,,-0.000600,0.014900,0.028500,https://www.bcb.gob.bo/?q=indicadores_inflacion,2025-11-11T01:35:19Z
2023-09-30,110.44,,-0.000600,0.014900,0.028500,https://www.bcb.gob.bo/?q=indicadores_inflacion,2025-11-23T01:02:08Z
2023-10-01,110.43,,-0.000100,0.014800,0.020800,https://www.bcb.gob.bo/?q=indicadores_inflacion,2025-11-11T01:35:19Z
2023-10-31,110.43,,-0.000100,0.014800,0.020800,https://www.bcb.gob.bo/?q=indicadores_inflacion,2025-11-23T01:02:08Z
2023-11-01,,,,,,https://www.bcb.gob.bo/?q=indicadores_inflacion,2025-11-11T01:35:19Z
2023-12-01,111.12,,0.006300,0.021200,0.021200,https://www.bcb.gob.bo/?q=indicadores_inflacion,2025-11-11T01:35:19Z
2023-12-31,111.12,,0.006300,0.021200,0.021200,https://www.bcb.gob.bo/?q=indicadores_inflacion,2025-11-23T01:02:08Z
2024-01-01,111.21,,0.000800,0.000800,0.018600,https://www.bcb.gob.bo/?q=indicadores_inflacion,2025-11-11T01:35:19Z
2024-01-31,111.21,,0.000800,0.000800,0.018600,https://www.bcb.gob.bo/?q=indicadores_inflacion,2025-11-23T01:02:08Z
2024-02-01,111.43,,0.002000,0.002800,0.025200,https://www.bcb.gob.bo/?q=indicadores_inflacion,2025-11-11T01:35:19Z
2024-02-29,111.43,,0.002000,0.002800,0.025200,https://www.bcb.gob.bo/?q=indicadores_inflacion,2025-11-23T01:02:08Z
2024-03-01,111.94,,0.004600,0.007400,0.030600,https://www.bcb.gob.bo/?q=indicadores_inflacion,2025-11-11T01:35:19Z
2024-03-31,111.94,,0.004600,0.007400,0.030600,https://www.bcb.gob.bo/?q=indicadores_inflacion,2025-11-23T01:02:08Z
2024-04-01,112.58,,0.005700,0.013100,0.034600,https://www.bcb.gob.bo/?q=indicadores_inflacion,2025-11-11T01:35:19Z
2024-04-30,112.58,,0.005700,0.013100,0.034600,https://www.bcb.gob.bo/?q=indicadores_inflacion,2025-11-23T01:02:08Z
2024-05-01,113.29,,0.006300,0.019500,0.035200,https://www.bcb.gob.bo/?q=indicadores_inflacion,2025-11-11T01:35:19Z
2024-05-31,113.29,,0.006300,0.019500,0.035200,https://www.bcb.gob.bo/?q=indicadores_inflacion,2025-11-23T01:02:08Z
2024-06-01,113.90,,0.005400,0.024900,0.038400,https://www.bcb.gob.bo/?q=indicadores_inflacion,2025-11-11T01:35:19Z
2024-06-30,113.90,,0.005400,0.024900,0.038400,https://www.bcb.gob.bo/?q=indicadores_inflacion,2025-11-23T01:02:08Z
2024-07-01,114.43,,0.004700,0.029800,0.039500,https://www.bcb.gob.bo/?q=indicadores_inflacion,2025-11-11T01:35:19Z
2024-07-31,114.43,,0.004700,0.029800,0.039500,https://www.bcb.gob.bo/?q=indicadores_inflacion,2025-11-23T01:02:08Z
2024-08-01,116.25,,0.015800,0.046100,0.051900,https://www.bcb.gob.bo/?q=indicadores_inflacion,2025-11-11T01:35:19Z
2024-08-31,116.25,,0.015800,0.046100,0.051900,https://www.bcb.gob.bo/?q=indicadores_inflacion,2025-11-23T01:02:08Z
2024-09-01,117.27,,0.008800,0.055300,0.061800,https://www.bcb.gob.bo/?q=indicadores_inflacion,2025-11-11T01:35:19Z
2024-09-30,117.27,,0.008800,0.055300,0.061800,https://www.bcb.gob.bo/?q=indicadores_inflacion,2025-11-23T01:02:08Z
2024-10-01,119.20,,0.016400,0.072600,0.079400,https://www.bcb.gob.bo/?q=indicadores_inflacion,2025-11-11T01:35:19Z
2024-10-31,119.20,,0.016400,0.072600,0.079400,https://www.bcb.gob.bo/?q=indicadores_inflacion,2025-11-23T01:02:08Z
2024-11-01,120.92,,0.014500,0.088200,0.095100,https://www.bcb.gob.bo/?q=indicadores_inflacion,2025-11-11T01:35:19Z
2024-11-30,120.92,,0.014500,0.088200,0.095100,https://www.bcb.gob.bo/?q=indicadores_inflacion,2025-11-23T01:02:08Z
2024-12-01,122.21,,0.010600,0.099700,0.099700,https://www.bcb.gob.bo/?q=indicadores_inflacion,2025-11-11T01:35:19Z
2024-12-31,122.21,,0.010600,0.099700,0.099700,https://www.bcb.gob.bo/?q=indicadores_inflacion,2025-11-23T01:02:08Z
2025-01-01,124.19,,0.019500,0.019500,0.120300,https://www.bcb.gob.bo/?q=indicadores_inflacion,2025-11-11T01:35:19Z
2025-01-31,124.19,,0.019500,0.019500,0.120300,https://www.bcb.gob.bo/?q=indicadores_inflacion,2025-11-23T01:02:08Z
2025-02-01,126.17,,0.012600,0.032400,0.132200,https://www.bcb.gob.bo/?q=indicadores_inflacion,2025-11-11T01:35:19Z
2025-02-28,126.17,,0.012600,0.032400,0.132200,https://www.bcb.gob.bo/?q=indicadores_inflacion,2025-11-23T01:02:08Z
2025-03-01,128.32,,0.017100,0.050000,0.146300,https://www.bcb.gob.bo/?q=indicadores_inflacion,2025-11-11T01:35:19Z
2025-03-31,128.32,,0.017100,0.050000,0.146300,https://www.bcb.gob.bo/?q=indicadores_inflacion,2025-11-23T01:02:08Z
2025-04-01,129.47,,0.009000,0.059500,0.150100,https://www.bcb.gob.bo/?q=indicadores_inflacion,2025-11-11T01:35:19Z
2025-04-30,129.47,,0.009000,0.059500,0.150100,https://www.bcb.gob.bo/?q=indicadores_inflacion,2025-11-23T01:02:08Z
2025-05-01,134.20,,0.036500,0.098100,0.184600,https://www.bcb.gob.bo/?q=indicadores_inflacion,2025-11-11T01:35:19Z
2025-05-31,134.20,,0.036500,0.098100,0.184600,https://www.bcb.gob.bo/?q=indicadores_inflacion,2025-11-23T01:02:08Z
2025-06-01,141.19,,0.052100,0.155300,0.239600,https://www.bcb.gob.bo/?q=indicadores_inflacion,2025-11-11T01:35:19Z
2025-06-30,141.19,,0.052100,0.155300,0.239600,https://www.bcb.gob.bo/?q=indicadores_inflacion,2025-11-23T01:02:08Z
2025-07-01,142.88,,0.012000,0.169200,0.248600,https://www.bcb.gob.bo/?q=indicadores_inflacion,2025-11-11T01:35:19Z
2025-07-31,142.88,,0.012000,0.169200,0.248600,https://www.bcb.gob.bo/?q=indicadores_inflacion,2025-11-23T01:02:08Z
2025-08-01,144.32,,0.010100,0.180900,0.241500,https://www.bcb.gob.bo/?q=indicadores_inflacion,2025-11-11T01:35:19Z
2025-08-31,144.32,,0.010100,0.180900,0.241500,https://www.bcb.gob.bo/?q=indicadores_inflacion,2025-11-23T01:02:08Z
2025-09-01,144.61,,0.002000,0.183300,0.233200,https://www.bcb.gob.bo/?q=indicadores_inflacion,2025-11-11T01:35:19Z
2025-09-30,144.61,,0.002000,0.183300,0.233200,https://www.bcb.gob.bo/?q=indicadores_inflacion,2025-11-23T01:02:08Z
2025-10-01,145.70,,0.007500,0.192200,0.222300,https://www.bcb.gob.bo/?q=indicadores_inflacion,2025-11-11T01:35:19Z
2025-10-31,145.70,,0.007500,0.192200,0.222300,https://www.bcb.gob.bo/?q=indicadores_inflacion,2025-11-23T01:02:08Z
